Elemento,R2,MAE,RMSE
B,0.6112285085863662,0.1072398358520041,0.14461839296560997
Cu,0.33025415551896475,0.27326371999497107,0.3723320754657145
Zn,0.5574771982975946,0.8986652650731677,1.272120527276018
Fe,0.5215468877889228,29.06619952587371,38.78815504545433
S,0.37234300313209856,6.869530165708514,10.77335337291961
Mn,0.5149325801470492,11.290412732388111,15.71527059738489
