Elemento,R2,MAE,RMSE
B,0.6400086801535736,0.10370667148777778,0.13916253794289318
Cu,0.37794154778799194,0.2611206738238639,0.3588318920752171
Zn,0.5767936872872006,0.8705067505227758,1.2440461813587327
Fe,0.5452975876061519,28.01339620224973,37.8131676440029
S,0.37786375754736856,7.071911946458104,10.725868517244864
Mn,0.47701478355295157,11.664174739350663,16.317946948981906
