Elemento,R2,MAE,RMSE
P,0.008786669111166323,19.965592653126127,27.94487615093239
K,0.07100562506817731,39.251327576211274,51.74989977609409
Mg,0.03264035188458925,30.49244655642111,41.098044792473694
pH,0.06684791759679665,0.1934002937294908,0.25392179111861124
