Elemento,R2,MAE,MSE
P,-0.00801820813784726,20.253563164702754,794.1556337199958
K,-0.033293071878093716,41.443736948678406,2978.718476084304
Mg,0.017066825337119007,31.374249909590578,1716.2412964533526
pH,0.00017974567587042412,0.1953346390957791,0.06908272283662026
