Elemento,R2,MAE,RMSE
B,0.6612402114054708,0.09910954726820297,0.1349964203139399
Cu,0.39596553114257427,0.25152072849425866,0.3535951491216526
Zn,0.6101998784612266,0.8276208251714707,1.1939370215595253
Fe,0.49085329929391164,29.381626599900265,40.01298008073017
S,0.3730851408989563,7.012982344908461,10.766982315754658
Mn,0.5126785690746114,11.12982574625218,15.751741134907324
