Elemento,R2,MAE,MSE
P,-0.0015058769342266576,20.1209352564743,789.0249679520035
K,0.036502432727261946,38.99420457999369,2777.5159665796937
Mg,0.048948749905214695,30.14669163069052,1660.5741595974384
pH,0.0752706334233939,0.18884176116855414,0.06389430725553702
