Elemento,R2,MAE,RMSE
B,0.6335944688889896,0.10527509312997473,0.14039684111421924
Cu,0.39249633778797655,0.26261105245732247,0.3546091091778344
Zn,0.5940758655749945,0.8770568065186765,1.218380306358003
Fe,0.5371663596941444,28.270816364694152,38.149766985406664
S,0.3762068837508771,6.82337487018921,10.740141591854172
Mn,0.48879034945822275,11.396205705277461,16.133193119220017
