{
    "P": {
        "importances": [
            0.011791169894998808,
            0.012019357797414882,
            0.012142752780840996,
            0.012173939182022635,
            0.013554986764554997,
            0.014460284542010513,
            0.01533158717515705,
            0.015690482782818805,
            0.025720768397136905,
            0.026073026436859124
        ],
        "features": [
            "band_71",
            "band_69",
            "band_74",
            "band_73",
            "band_1",
            "band_72",
            "band_68",
            "band_37",
            "band_149",
            "band_0"
        ],
        "mse": 64.9344385063381,
        "r2_score": 0.8983034342495998,
        "band_numbers": [
            0,
            1,
            37,
            68,
            69,
            71,
            72,
            73,
            74,
            149
        ]
    },
    "K": {
        "importances": [
            0.011251534745678804,
            0.011579997173895084,
            0.012113072920883433,
            0.013055329276747076,
            0.013438682835722188,
            0.014389540391985714,
            0.018325270544348897,
            0.024798247767254623,
            0.026214258987818567,
            0.026400933384378263
        ],
        "features": [
            "band_88",
            "band_33",
            "band_32",
            "band_90",
            "band_73",
            "band_1",
            "band_89",
            "band_0",
            "band_149",
            "band_68"
        ],
        "mse": 398.8939091267198,
        "r2_score": 0.9044585424918503,
        "band_numbers": [
            0,
            1,
            32,
            33,
            68,
            73,
            88,
            89,
            90,
            149
        ]
    },
    "Mg": {
        "importances": [
            0.011855914754268265,
            0.011882912085372082,
            0.012788464754371303,
            0.01300268126906994,
            0.01489835450906945,
            0.018459566106664507,
            0.020344643997193216,
            0.021345712097433557,
            0.02848196366498249,
            0.034628478521057986
        ],
        "features": [
            "band_2",
            "band_31",
            "band_69",
            "band_95",
            "band_73",
            "band_1",
            "band_96",
            "band_68",
            "band_149",
            "band_0"
        ],
        "mse": 72.16361013533975,
        "r2_score": 0.9130502995240594,
        "band_numbers": [
            0,
            1,
            2,
            31,
            68,
            69,
            73,
            95,
            96,
            149
        ]
    },
    "pH": {
        "importances": [
            0.010805762787599203,
            0.01114601138861132,
            0.011404876711350442,
            0.0119643236994626,
            0.0120593697823714,
            0.012483624646924207,
            0.013473762566728067,
            0.013915361657240135,
            0.030006261441386628,
            0.03375364589060226
        ],
        "features": [
            "band_74",
            "band_3",
            "band_2",
            "band_68",
            "band_71",
            "band_73",
            "band_72",
            "band_1",
            "band_149",
            "band_0"
        ],
        "mse": 0.005860128665288388,
        "r2_score": 0.8998366139547828,
        "band_numbers": [
            0,
            1,
            2,
            3,
            68,
            71,
            72,
            73,
            74,
            149
        ]
    }
}