{
    "B": {
        "importances": [
            0.010187462866982442,
            0.010737974038969596,
            0.012040632910595832,
            0.01356320255979593,
            0.025779799315534136,
            0.02627143012038694,
            0.03520070026452329,
            0.06254588821245954,
            0.07464719416413479,
            0.1988556212269659
        ],
        "features": [
            "band_5",
            "band_363",
            "band_4",
            "band_369",
            "band_368",
            "band_3",
            "band_105",
            "band_2",
            "band_1",
            "band_0"
        ],
        "mse": 0.0029975181236673795,
        "r2_score": 0.9455114821708481,
        "band_numbers": [
            0,
            1,
            2,
            3,
            4,
            5,
            105,
            363,
            368,
            369
        ]
    },
    "Cu": {
        "importances": [
            0.01191398338765949,
            0.012386591396399542,
            0.012706273397377956,
            0.012807676309768342,
            0.0129942682786483,
            0.013472700730601316,
            0.014052088148986447,
            0.014765336741837823,
            0.01614230976191608,
            0.017240229276265274
        ],
        "features": [
            "band_370",
            "band_52",
            "band_0",
            "band_368",
            "band_57",
            "band_54",
            "band_53",
            "band_362",
            "band_363",
            "band_369"
        ],
        "mse": 0.01874837046908314,
        "r2_score": 0.9091605140593628,
        "band_numbers": [
            0,
            52,
            53,
            54,
            57,
            362,
            363,
            368,
            369,
            370
        ]
    },
    "Fe": {
        "importances": [
            0.012897081493490462,
            0.012928507366421298,
            0.013061542037624281,
            0.01316459570818479,
            0.014231934000865249,
            0.015572927154874093,
            0.02491520980349988,
            0.04167823335179168,
            0.04887789674707392,
            0.04898324057619783
        ],
        "features": [
            "band_9",
            "band_8",
            "band_7",
            "band_366",
            "band_5",
            "band_4",
            "band_3",
            "band_2",
            "band_0",
            "band_1"
        ],
        "mse": 234.04796423081038,
        "r2_score": 0.9334061337576011,
        "band_numbers": [
            0,
            1,
            2,
            3,
            4,
            5,
            7,
            8,
            9,
            366
        ]
    },
    "Mn": {
        "importances": [
            0.012038159336862295,
            0.012625247957733407,
            0.01804593124107984,
            0.018995006013125756,
            0.02023170130520285,
            0.020545706456332122,
            0.026799217536347144,
            0.02945560311066816,
            0.039402969740056436,
            0.14766079951025302
        ],
        "features": [
            "band_373",
            "band_42",
            "band_40",
            "band_369",
            "band_362",
            "band_364",
            "band_1",
            "band_41",
            "band_0",
            "band_363"
        ],
        "mse": 33.5612845021322,
        "r2_score": 0.9287865190221689,
        "band_numbers": [
            0,
            1,
            40,
            41,
            42,
            362,
            363,
            364,
            369,
            373
        ]
    },
    "S": {
        "importances": [
            0.016357861441748587,
            0.016747500096850644,
            0.01727799681979657,
            0.017504288082369007,
            0.021419107328118258,
            0.021832546863437764,
            0.025815834947500633,
            0.02720812478951035,
            0.0323576686540934,
            0.0457030813351087
        ],
        "features": [
            "band_300",
            "band_322",
            "band_296",
            "band_302",
            "band_368",
            "band_2",
            "band_301",
            "band_295",
            "band_367",
            "band_0"
        ],
        "mse": 13.903201341413988,
        "r2_score": 0.9164896059297375,
        "band_numbers": [
            0,
            2,
            295,
            296,
            300,
            301,
            302,
            322,
            367,
            368
        ]
    },
    "Zn": {
        "importances": [
            0.015029351269417039,
            0.01526813840860684,
            0.015374634788950188,
            0.015577794202927646,
            0.01760463151949724,
            0.018281665295332265,
            0.019891484636812486,
            0.02048483443250253,
            0.031202985739641854,
            0.032501966024558133
        ],
        "features": [
            "band_6",
            "band_3",
            "band_2",
            "band_5",
            "band_402",
            "band_1",
            "band_369",
            "band_403",
            "band_0",
            "band_370"
        ],
        "mse": 0.28493420362473343,
        "r2_score": 0.9309595562840614,
        "band_numbers": [
            0,
            1,
            2,
            3,
            5,
            6,
            369,
            370,
            402,
            403
        ]
    }
}