Elemento,R2,MAE,RMSE
B,0.6067269869311183,0.10784590047724701,0.14545323966833104
Cu,0.3275364368794952,0.2677489633255817,0.37308674186837193
Zn,0.5509496107095248,0.9113354695604202,1.2814686101412964
Fe,0.47235657959308597,30.178807579202857,40.73330925335933
S,0.3819044527141283,6.920957822824605,10.690980205445477
Mn,0.4797280383130119,11.532895751709633,16.275563034686733
